ref,value,qty_per_board,qty_3_boards,mpn,digikey_part,unit_usd_qty1,unit_usd_3_boards,ext_usd_3_boards,stock,status,footprint,lib_part,notes,datasheet_url,digikey_url
BT1,CR2032,1,1,BAT-HLD-001,BAT-HLD-001-ND,0.3800,0.3800,0.38,38808,Active,lamp_timer:BatteryHolder_LINX_BAT-HLD-001,Device:Battery_Cell,"TE/Linx BAT-HLD-001 SMT CR2032 clip; clip pads 1 = cell case (+), bare 16 mm pad 2 under the cell = its flat face (−). Footprint in footprints/ from the datasheet drawing. 3-board order: one only, RTC unused by firmware",https://www.te.com/commerce/DocumentDelivery/DDEController?Action=srchrtrv&DocNm=BAT-HLD-001&DocType=Data+Sheet&DocLang=English&DocFormat=pdf&PartCntxt=BAT-HLD-001,https://www.digikey.com/en/products/detail/te-connectivity-linx/BAT-HLD-001/1577235
"C1, C3",10uF,2,6,GRT21BR61E106KE13L,490-GRT21BR61E106KE13LCT-ND,0.6200,0.6200,3.72,479,Active,Capacitor_SMD:C_0805_2012Metric,Device:C,"Murata 10 uF 25 V X5R 0805, LDO input; Murata 10 uF 25 V X5R 0805, module 3V3",https://pim.murata.com/asset/pim4/ceramicCapacitorSMD/GRT21BR61E106KE13-01A-EN_PDF_CERAMICCAPACITORSMD,https://www.digikey.com/en/products/detail/murata-electronics/GRT21BR61E106KE13L/10689147
C2,22uF,1,3,TPSB226K016R0600,478-1758-1-ND,0.8900,0.8900,2.67,4041,Active,Capacitor_Tantalum_SMD:CP_EIA-3528-21_Kemet-B,Device:C_Polarized,"KYOCERA AVX TPS 22 uF 16 V tantalum, 0.6 ohm ESR. POLARISED: pad 1 = +, to 3V3. Sets the LDO loop's ESR zero — do not swap for a ceramic",https://datasheets.kyocera-avx.com/TPS.pdf,https://www.digikey.com/en/products/detail/kyocera-avx/TPSB226K016R0600/563862
"C4, C6",100nF,2,6,CL21B104KBCNNNC,1276-1003-1-ND,0.1000,0.1000,0.60,4635557,Active,Capacitor_SMD:C_0805_2012Metric,Device:C,"Samsung 100 nF 50 V X7R 0805, module 3V3; Samsung 100 nF 50 V X7R 0805, DS3231 VCC",https://mm.digikey.com/Volume0/opasdata/d220001/medias/docus/609/CL21B104KBCNNN_Spec.pdf,https://www.digikey.com/en/products/detail/samsung-electro-mechanics/CL21B104KBCNNNC/3886661
C5,1uF,1,3,C0805C105K3RACTU,399-C0805C105K3RACTUCT-ND,0.1900,0.1900,0.57,379662,Active,Capacitor_SMD:C_0805_2012Metric,Device:C,"KEMET 1 uF 25 V X7R 0805, EN delay. Was Murata GRM21BR71C105KA01L, which went to zero stock the day after it passed the gate",https://yageogroup.com/content/datasheet/asset/file/KEM_C1002_X7R_SMD,https://www.digikey.com/en/products/detail/kemet/C0805C105K3RACTU/2211765
D1,GREEN,1,3,LTST-C170GKT,160-1179-1-ND,0.1700,0.1700,0.51,1141773,Active,LED_SMD:LED_0805_2012Metric,Device:LED,"Lite-On green 0805 LED, Vf ~2.0 V. Pad 1 = cathode",https://mm.digikey.com/Volume0/opasdata/d220001/medias/docus/895/LTST-C170GKT.pdf,https://www.digikey.com/en/products/detail/liteon/LTST-C170GKT/269226
J1,USB-C,1,3,USB4105-GF-A,2073-USB4105-GF-ACT-ND,0.8000,0.8000,2.40,129450,Active,lamp_timer:USB_C_Receptacle_GCT_USB4105_16P_HoleClear,Connector:USB_C_Receptacle_USB2.0_16P,"GCT USB4105 USB-C receptacle, 16-pin USB 2.0, horizontal top mount, 0.5 mm pitch",https://gct.co/files/specs/usb4105-spec.pdf,https://www.digikey.com/en/products/detail/gct/USB4105-GF-A/11198441
J2,DISPLAY,1,3,PPTC201LFBN-RC,S7018-ND,1.1500,1.1500,3.45,16693,Active,Connector_PinSocket_2.54mm:PinSocket_1x20_P2.54mm_Vertical,Connector_Generic:Conn_01x20,"Sullins 1x20 2.54 mm socket; Adafruit 2050 SPI header plugs in, pin 1 = GND",https://mm.digikey.com/Volume0/opasdata/d220001/medias/docus/937/Female_Headers.100_DS.pdf,https://www.digikey.com/en/products/detail/sullins-connector-solutions/PPTC201LFBN-RC/810158
J3,RELAY,1,3,1725656,277-1273-ND,1.4400,1.4400,4.32,9937,Active,"TerminalBlock_Phoenix:TerminalBlock_Phoenix_MPT-0,5-2-2.54_1x02_P2.54mm_Horizontal",Connector:Screw_Terminal_01x02,"Phoenix MPT 0,5/2-2,54 screw terminal; pin 1 = trigger +, pin 2 = trigger − (GND). To IoT Power Relay input",https://www.phoenixcontact.com/us/products/1725656/pdf,https://www.digikey.com/en/products/detail/phoenix-contact/1725656/267462
"R1, R2",5.1k,2,6,RMCF0805FT5K10,RMCF0805FT5K10CT-ND,0.1000,0.1000,0.60,120606,Active,Resistor_SMD:R_0805_2012Metric,Device:R,"Stackpole 5.1k 1% 0805, CC1/CC2 pull-downs. Replaces Yageo RC0805FR-075K1L (311-5.10KCRCT-ND out of stock 2026-10-05)",https://www.digikey.com/en/products/result?keywords=RMCF0805FT5K10,https://www.digikey.com/en/products/result?keywords=RMCF0805FT5K10
R3,10k,1,3,RC0805FR-0710KL,311-10.0KCRCT-ND,0.1000,0.1000,0.30,1962961,Active,Resistor_SMD:R_0805_2012Metric,Device:R,"Yageo 10k 1% 0805, EN pull-up",https://yageogroup.com/content/datasheet/asset/file/PYU-RC_GROUP_51_ROHS_L,https://www.digikey.com/en/products/detail/yageo/RC0805FR-0710KL/727535
R4,470,1,3,RC0805FR-07470RL,311-470CRCT-ND,0.1000,0.1000,0.30,47380,Active,Resistor_SMD:R_0805_2012Metric,Device:R,"Yageo 470R 1% 0805, LED",https://yageogroup.com/content/datasheet/asset/file/PYU-RC_GROUP_51_ROHS_L,https://www.digikey.com/en/products/detail/yageo/RC0805FR-07470RL/727976
"R5, R6",4.7k,2,6,RC0805FR-074K7L,311-4.70KCRCT-ND,0.1000,0.1000,0.60,836438,Active,Resistor_SMD:R_0805_2012Metric,Device:R,"Yageo 4.7k 1% 0805, SDA pull-up; Yageo 4.7k 1% 0805, SCL pull-up",https://yageogroup.com/content/datasheet/asset/file/PYU-RC_GROUP_51_ROHS_L,https://www.digikey.com/en/products/detail/yageo/RC0805FR-074K7L/727929
SW1,RESET,1,3,B3F-1000,SW400-ND,0.3500,0.3500,1.05,27336,Active,Button_Switch_THT:SW_PUSH_6mm,Switch:SW_Push,"Omron B3F-1000 6 mm tactile, THT",https://omronfs.omron.com/en_US/ecb/products/pdf/en-b3f.pdf,https://www.digikey.com/en/products/detail/aratas-formerly-omron-components/B3F-1000/33150
SW2,BOOT,1,3,B3F-1000,SW400-ND,0.3500,0.3500,1.05,27336,Active,Button_Switch_THT:SW_PUSH_6mm,Switch:SW_Push,"Omron B3F-1000 6 mm tactile, THT",https://omronfs.omron.com/en_US/ecb/products/pdf/en-b3f.pdf,https://www.digikey.com/en/products/detail/aratas-formerly-omron-components/B3F-1000/33150
U1,ESP32-S3-WROOM-1-N8R8,1,3,ESP32-S3-WROOM-1-N8R8,5407-ESP32-S3-WROOM-1-N8R8CT-ND,6.3200,6.3200,18.96,14,Active,lamp_timer:ESP32-S3-WROOM-1_HandSolder,RF_Module:ESP32-S3-WROOM-1,"Espressif ESP32-S3-WROOM-1, 8 MB flash, 8 MB octal PSRAM. N4R8 is the same module with 4 MB flash if this one is out. Belly GND pad: fill the 1.6 mm hole from the back with solder",https://www.espressif.com/sites/default/files/documentation/esp32-s3-wroom-1_wroom-1u_datasheet_en.pdf,https://www.digikey.com/en/products/detail/espressif-systems/ESP32-S3-WROOM-1-N8R8/15295891
U2,NCP1117-3.3,1,3,NCP1117ST33T3G,NCP1117ST33T3GOSCT-ND,0.6200,0.6200,1.86,38295,Active,Package_TO_SOT_SMD:SOT-223-3_TabPin2,Regulator_Linear:NCP1117-3.3_SOT223,"onsemi NCP1117, SOT-223; pin 1 = GND, 2 = Output, 3 = Input, tab tied to pin 2. Same circuit as ldo-breakout",https://www.onsemi.com/pdf/datasheet/ncp1117-d.pdf,https://www.digikey.com/en/products/detail/onsemi/NCP1117ST33T3G/1749063
U3,DS3231MZ,1,1,DS3231MZ+TRL,175-DS3231MZ+TRLCT-ND,13.8500,13.8500,13.85,8317,Active,Package_SO:SOIC-8_3.9x4.9mm_P1.27mm,Timer_RTC:DS3231MZ,"Analog Devices DS3231M RTC, MEMS resonator ±5 ppm, SOIC-8, I2C 0x68. Cut tape; the tube part number DS3231MZ+ costs more for the same die. 3-board order: one only, RTC unused by firmware",https://www.analog.com/media/en/technical-documentation/data-sheets/DS3231M.pdf,https://www.digikey.com/en/products/detail/analog-devices-inc-maxim-integrated/DS3231MZ-TRL/2754408
